question,option_a,option_b,option_c,option_d,correct,category,difficulty,explanation
"ભગવાન ગણેશનું વાહન કયું છે?",મોર,ઉંદર,સિંહ,નંદી,B,ધાર્મિકતા,easy,"ગણેશજીનું વાહન મૂષક એટલે કે ઉંદર છે."
"ગણેશ ચતુર્થી કયા ગુજરાતી મહિનામાં ઉજવવામાં આવે છે?",શ્રાવણ,ભાદરવો,આસો,કારતક,B,ધાર્મિકતા,easy,"ભાદરવા સુદ ચોથના દિવસે ગણેશ ચતુર્થી ઉજવાય છે."
"ગણેશજીના પિતાનું નામ શું છે?",વિષ્ણુ,બ્રહ્મા,શિવ,ઇન્દ્ર,C,ધાર્મિકતા,easy,"ગણેશજી ભગવાન શિવ અને માતા પાર્વતીના પુત્ર છે."
"ગણેશજીને સૌથી પ્રિય મીઠાઈ કઈ ગણાય છે?",જલેબી,મોદક,પેંડા,બરફી,B,ધાર્મિકતા,easy,"મોદક ગણેશજીનો પ્રિય પ્રસાદ મનાય છે."
"ગણેશ વિસર્જન કયા દિવસે થાય છે?","અનંત ચતુર્દશી","શરદ પૂર્ણિમા",ધનતેરસ,"વસંત પંચમી",A,ધાર્મિકતા,medium,"દસ દિવસના ઉત્સવ પછી અનંત ચતુર્દશીએ વિસર્જન થાય છે."
"ગણેશજીના મોટા ભાઈનું નામ શું છે?",કાર્તિકેય,નારદ,હનુમાન,ભૈરવ,A,ધાર્મિકતા,medium,"કાર્તિકેય, જેમને મુરુગન કે સ્કંદ પણ કહે છે."
"""વિઘ્નહર્તા"" નામનો અર્થ શું થાય?","ધન આપનાર","વિઘ્નો દૂર કરનાર","યુદ્ધ જીતનાર","વરસાદ લાવનાર",B,ધાર્મિકતા,medium,"ગણેશજી અડચણો દૂર કરે છે તેથી વિઘ્નહર્તા કહેવાય છે."
"મહાભારત લખવાનું કામ કોણે કર્યું હતું?",વાલ્મીકિ,ગણેશજી,નારદ,સૂત,B,ધાર્મિકતા,medium,"વેદ વ્યાસ બોલતા ગયા અને ગણેશજીએ લખ્યું એવી કથા છે."
"રામાયણના રચયિતા કોણ છે?","વેદ વ્યાસ",વાલ્મીકિ,તુલસીદાસ,કાલિદાસ,B,ધાર્મિકતા,easy,"મહર્ષિ વાલ્મીકિએ સંસ્કૃતમાં રામાયણ રચ્યું."
"મહાભારતના રચયિતા કોણ છે?","વેદ વ્યાસ",વાલ્મીકિ,ભાસ,પાણિનિ,A,ધાર્મિકતા,easy,"મહર્ષિ વેદ વ્યાસે મહાભારત રચ્યું."
"ભગવદ્ ગીતા કયા ગ્રંથનો ભાગ છે?",રામાયણ,મહાભારત,ઋગ્વેદ,પુરાણ,B,ધાર્મિકતા,medium,"ગીતા મહાભારતના ભીષ્મ પર્વમાં આવે છે."
"ભગવદ્ ગીતામાં કુલ કેટલા અધ્યાય છે?",12,16,18,24,C,ધાર્મિકતા,hard,"ગીતામાં ૧૮ અધ્યાય અને ૭૦૦ શ્લોક છે."
"ભગવાન કૃષ્ણનું જન્મસ્થળ કયું છે?",મથુરા,ગોકુળ,દ્વારકા,વૃંદાવન,A,ધાર્મિકતા,easy,"કૃષ્ણનો જન્મ મથુરાની કારાવાસમાં થયો હતો."
"દ્વારકા કયા રાજ્યમાં આવેલું છે?",રાજસ્થાન,ગુજરાત,મહારાષ્ટ્ર,"મધ્ય પ્રદેશ",B,ધાર્મિકતા,easy,"દ્વારકા ગુજરાતના દેવભૂમિ દ્વારકા જિલ્લામાં છે."
"સોમનાથ મંદિર કયા ક્રમનું જ્યોતિર્લિંગ ગણાય છે?",પ્રથમ,ચોથું,સાતમું,બારમું,A,ધાર્મિકતા,medium,"સોમનાથ બાર જ્યોતિર્લિંગોમાં પ્રથમ ગણાય છે."
"ભારતમાં કુલ કેટલા જ્યોતિર્લિંગ છે?",8,10,12,14,C,ધાર્મિકતા,medium,"બાર જ્યોતિર્લિંગ દેશભરમાં આવેલાં છે."
"ચાર ધામમાંથી કયું ધામ ગુજરાતમાં છે?",બદ્રીનાથ,દ્વારકા,પુરી,રામેશ્વરમ,B,ધાર્મિકતા,medium,"દ્વારકા ચાર ધામમાંનું એક છે."
"અંબાજી મંદિર કયા જિલ્લામાં આવેલું છે?",બનાસકાંઠા,સાબરકાંઠા,મહેસાણા,પાટણ,A,ધાર્મિકતા,medium,"અંબાજી બનાસકાંઠા જિલ્લામાં અરવલ્લીની ટેકરીઓમાં છે."
"પાવાગઢનું મહાકાળી મંદિર કયા જિલ્લામાં આવેલું છે?",પંચમહાલ,વડોદરા,દાહોદ,છોટાઉદેપુર,A,ધાર્મિકતા,hard,"પાવાગઢ પંચમહાલ જિલ્લામાં ચાંપાનેર પાસે છે."
"ગુજરાતમાં જગન્નાથજીની રથયાત્રા કયા શહેરમાં પ્રખ્યાત છે?",સુરત,રાજકોટ,અમદાવાદ,ભાવનગર,C,ધાર્મિકતા,easy,"અમદાવાદની રથયાત્રા દેશમાં પ્રખ્યાત છે."
"નવરાત્રિ કેટલા દિવસ ચાલે છે?",7,8,9,11,C,ધાર્મિકતા,easy,"નવ રાત્રિ એટલે નવ દિવસનો ઉત્સવ."
"ગરબા મુખ્યત્વે કયા દેવીની આરાધના માટે રમાય છે?",લક્ષ્મી,સરસ્વતી,"અંબા માતા",ગંગા,C,ધાર્મિકતા,easy,"નવરાત્રિમાં અંબા માતાની આરાધના થાય છે."
"દિવાળી કયા ભગવાનના અયોધ્યા પરત ફરવાની ઉજવણી છે?",કૃષ્ણ,રામ,શિવ,વિષ્ણુ,B,ધાર્મિકતા,easy,"ચૌદ વર્ષના વનવાસ પછી રામના પરત ફરવાની ખુશીમાં દીવા પ્રગટાવાય છે."
"હોળીના બીજા દિવસને ગુજરાતમાં શું કહે છે?",ધુળેટી,પડવો,ભાઈબીજ,લાભપાંચમ,A,ધાર્મિકતા,easy,"રંગોથી રમાતો દિવસ ધુળેટી કહેવાય છે."
"જૈન ધર્મના ૨૪મા તીર્થંકર કોણ છે?",ઋષભદેવ,પાર્શ્વનાથ,"મહાવીર સ્વામી",નેમિનાથ,C,ધાર્મિકતા,medium,"ભગવાન મહાવીર છેલ્લા એટલે ૨૪મા તીર્થંકર છે."
"જૈન ધર્મના પ્રથમ તીર્થંકર કોણ છે?",ઋષભદેવ,મહાવીર,પાર્શ્વનાથ,શાંતિનાથ,A,ધાર્મિકતા,hard,"ઋષભદેવ, જેમને આદિનાથ પણ કહે છે."
"પાલિતાણા કયા ધર્મનું મુખ્ય તીર્થસ્થાન છે?",બૌદ્ધ,જૈન,શીખ,પારસી,B,ધાર્મિકતા,medium,"શત્રુંજય પર્વત પર જૈન દેરાસરોનું સમૂહ છે."
"શીખ ધર્મના સ્થાપક કોણ છે?","ગુરુ ગોવિંદ સિંહ","ગુરુ નાનક","ગુરુ અર્જુન","ગુરુ તેગ બહાદુર",B,ધાર્મિકતા,medium,"ગુરુ નાનક દેવજી શીખ ધર્મના પ્રથમ ગુરુ છે."
"બૌદ્ધ ધર્મના સ્થાપક કોણ છે?",મહાવીર,"ગૌતમ બુદ્ધ",ચાણક્ય,અશોક,B,ધાર્મિકતા,easy,"સિદ્ધાર્થ ગૌતમ, જેઓ બુદ્ધ તરીકે ઓળખાયા."
"ગૌતમ બુદ્ધને જ્ઞાન કયા સ્થળે પ્રાપ્ત થયું?",સારનાથ,બોધગયા,કુશીનગર,લુમ્બિની,B,ધાર્મિકતા,hard,"બોધગયામાં બોધિવૃક્ષ નીચે જ્ઞાન પ્રાપ્ત થયું."
"ભગવાન શિવનું વાહન કયું છે?",ગરુડ,નંદી,સિંહ,હંસ,B,ધાર્મિકતા,easy,"નંદી એટલે પવિત્ર બળદ શિવજીનું વાહન છે."
"હનુમાનજીને પવનપુત્ર કેમ કહેવામાં આવે છે?","તેઓ ઝડપથી દોડે છે","તેમના પિતા વાયુદેવ છે","તેઓ પર્વત ઉપાડે છે","તેઓ આકાશમાં ઊડે છે",B,ધાર્મિકતા,medium,"વાયુદેવ તેમના પિતા મનાય છે તેથી પવનપુત્ર કહેવાય છે."
"રામચરિતમાનસ કોણે લખ્યું?",વાલ્મીકિ,તુલસીદાસ,સુરદાસ,કબીર,B,ધાર્મિકતા,medium,"ગોસ્વામી તુલસીદાસે અવધી ભાષામાં લખ્યું."
"સ્વામિનારાયણ સંપ્રદાયના સ્થાપક કોણ છે?","સહજાનંદ સ્વામી","દયાનંદ સરસ્વતી","રામકૃષ્ણ પરમહંસ",વિવેકાનંદ,A,ધાર્મિકતા,medium,"ભગવાન સ્વામિનારાયણ એટલે સહજાનંદ સ્વામી."
"ગુજરાતનું અક્ષરધામ મંદિર કયા શહેરમાં આવેલું છે?",અમદાવાદ,ગાંધીનગર,સુરત,વડોદરા,B,ધાર્મિકતા,medium,"અક્ષરધામ ગાંધીનગરમાં આવેલું છે."
"ભારતને આઝાદી કઈ તારીખે મળી?","26 જાન્યુઆરી 1950","15 ઓગસ્ટ 1947","2 ઓક્ટોબર 1947","15 ઓગસ્ટ 1950",B,દેશભક્તિ,easy,"૧૫ ઓગસ્ટ ૧૯૪૭ના રોજ ભારત સ્વતંત્ર થયું."
"ભારતનો પ્રજાસત્તાક દિન કઈ તારીખે ઉજવાય છે?","15 ઓગસ્ટ","26 જાન્યુઆરી","2 ઓક્ટોબર","14 નવેમ્બર",B,દેશભક્તિ,easy,"૨૬ જાન્યુઆરી ૧૯૫૦થી બંધારણ અમલમાં આવ્યું."
"ભારતીય બંધારણના ઘડવૈયા કોણ ગણાય છે?","જવાહરલાલ નહેરુ","સરદાર પટેલ","ડૉ. બી. આર. આંબેડકર","રાજેન્દ્ર પ્રસાદ",C,દેશભક્તિ,easy,"ડૉ. આંબેડકર મુસદ્દા સમિતિના અધ્યક્ષ હતા."
"ભારતના પ્રથમ વડાપ્રધાન કોણ હતા?","સરદાર પટેલ","જવાહરલાલ નહેરુ","લાલ બહાદુર શાસ્ત્રી","મોરારજી દેસાઈ",B,દેશભક્તિ,easy,"પંડિત જવાહરલાલ નહેરુ ૧૯૪૭થી વડાપ્રધાન રહ્યા."
"ભારતના પ્રથમ રાષ્ટ્રપતિ કોણ હતા?","ડૉ. રાજેન્દ્ર પ્રસાદ","ડૉ. રાધાકૃષ્ણન","ઝાકિર હુસૈન","વી. વી. ગિરિ",A,દેશભક્તિ,easy,"ડૉ. રાજેન્દ્ર પ્રસાદ પ્રથમ રાષ્ટ્રપતિ હતા."
"ભારતના રાષ્ટ્રધ્વજની રચના કોણે કરી હતી?","પિંગલી વેંકૈયા","રવીન્દ્રનાથ ટાગોર",બંકિમચંદ્ર,"સુભાષચંદ્ર બોઝ",A,દેશભક્તિ,medium,"પિંગલી વેંકૈયાએ ત્રિરંગાની રચના કરી."
"ત્રિરંગાના અશોક ચક્રમાં કેટલા આરા છે?",12,18,24,32,C,દેશભક્તિ,medium,"અશોક ચક્રમાં ૨૪ આરા છે."
"ભારતનું રાષ્ટ્રગીત ""જન ગણ મન"" કોણે લખ્યું?",બંકિમચંદ્ર,"રવીન્દ્રનાથ ટાગોર","સરોજિની નાયડુ","મુહમ્મદ ઇકબાલ",B,દેશભક્તિ,easy,"રવીન્દ્રનાથ ટાગોરે બંગાળીમાં રચ્યું."
"""વંદે માતરમ્"" ગીત કોણે લખ્યું?","રવીન્દ્રનાથ ટાગોર","બંકિમચંદ્ર ચટ્ટોપાધ્યાય","સુભાષચંદ્ર બોઝ","ભારતેન્દુ હરિશ્ચંદ્ર",B,દેશભક્તિ,medium,"આનંદમઠ નવલકથામાં આ ગીત આવે છે."
"""જય જવાન જય કિસાન"" નારો કોણે આપ્યો?","મહાત્મા ગાંધી","લાલ બહાદુર શાસ્ત્રી","ઇન્દિરા ગાંધી","સરદાર પટેલ",B,દેશભક્તિ,medium,"૧૯૬૫માં લાલ બહાદુર શાસ્ત્રીએ આ નારો આપ્યો."
"""તમે મને લોહી આપો, હું તમને આઝાદી આપીશ"" કોણે કહ્યું?",ભગતસિંહ,"સુભાષચંદ્ર બોઝ","ચંદ્રશેખર આઝાદ","બાળ ગંગાધર તિલક",B,દેશભક્તિ,medium,"નેતાજી સુભાષચંદ્ર બોઝનું પ્રસિદ્ધ સૂત્ર."
"""સ્વરાજ મારો જન્મસિદ્ધ અધિકાર છે"" કોણે કહ્યું?","બાળ ગંગાધર તિલક","ગોપાળકૃષ્ણ ગોખલે","લાલા લજપતરાય","બિપિનચંદ્ર પાલ",A,દેશભક્તિ,medium,"લોકમાન્ય તિલકનું પ્રસિદ્ધ સૂત્ર."
"મહાત્મા ગાંધીનો જન્મ કયા શહેરમાં થયો હતો?",રાજકોટ,પોરબંદર,અમદાવાદ,નડિયાદ,B,દેશભક્તિ,easy,"ગાંધીજીનો જન્મ ૨ ઓક્ટોબર ૧૮૬૯ના રોજ પોરબંદરમાં થયો."
"દાંડી કૂચ કયા વર્ષે થઈ હતી?",1920,1930,1942,1946,B,દેશભક્તિ,medium,"૧૨ માર્ચ ૧૯૩૦ના રોજ દાંડી કૂચ શરૂ થઈ."
"દાંડી કૂચ કયા સ્થળેથી શરૂ થઈ હતી?","સાબરમતી આશ્રમ",પોરબંદર,સુરત,ભરૂચ,A,દેશભક્તિ,medium,"અમદાવાદના સાબરમતી આશ્રમથી દાંડી સુધી કૂચ થઈ."
"સરદાર વલ્લભભાઈ પટેલને કયા બિરુદથી ઓળખવામાં આવે છે?","લોખંડી પુરુષ",દેશબંધુ,લોકમાન્ય,નેતાજી,A,દેશભક્તિ,easy,"રજવાડાંના એકીકરણ માટે તેઓ લોખંડી પુરુષ કહેવાય છે."
"સ્ટેચ્યુ ઓફ યુનિટી કોની પ્રતિમા છે?","મહાત્મા ગાંધી","સરદાર પટેલ",ભગતસિંહ,"સુભાષચંદ્ર બોઝ",B,દેશભક્તિ,easy,"નર્મદા કિનારે સરદાર પટેલની પ્રતિમા છે."
"સ્ટેચ્યુ ઓફ યુનિટીની ઊંચાઈ કેટલી છે?","152 મીટર","182 મીટર","210 મીટર","240 મીટર",B,દેશભક્તિ,medium,"૧૮૨ મીટર ઊંચી વિશ્વની સૌથી ઊંચી પ્રતિમા છે."
"ભગતસિંહને ફાંસી કયા વર્ષે આપવામાં આવી?",1929,1931,1935,1942,B,દેશભક્તિ,medium,"૨૩ માર્ચ ૧૯૩૧ના રોજ લાહોરમાં ફાંસી અપાઈ."
"જલિયાંવાલા બાગ હત્યાકાંડ કયા વર્ષે થયો?",1919,1922,1930,1942,A,દેશભક્તિ,hard,"૧૩ એપ્રિલ ૧૯૧૯ના રોજ અમૃતસરમાં થયો."
"ભારત છોડો આંદોલન કયા વર્ષે શરૂ થયું?",1930,1935,1942,1945,C,દેશભક્તિ,medium,"૮ ઓગસ્ટ ૧૯૪૨ના રોજ ગાંધીજીએ આહ્વાન કર્યું."
"૧૮૫૭ના વિપ્લવને શું કહેવામાં આવે છે?","ભારત છોડો આંદોલન","પ્રથમ સ્વાતંત્ર્ય સંગ્રામ","અસહકાર આંદોલન","નમક સત્યાગ્રહ",B,દેશભક્તિ,medium,"૧૮૫૭નો વિપ્લવ પ્રથમ સ્વાતંત્ર્ય સંગ્રામ ગણાય છે."
"ઝાંસીની રાણી તરીકે કોણ પ્રખ્યાત છે?",લક્ષ્મીબાઈ,અહલ્યાબાઈ,દુર્ગાવતી,ચેન્નમ્મા,A,દેશભક્તિ,easy,"રાણી લક્ષ્મીબાઈએ ૧૮૫૭માં અંગ્રેજો સામે લડત આપી."
"ભારતનું રાષ્ટ્રીય પક્ષી કયું છે?",મોર,ગરુડ,હંસ,પોપટ,A,દેશભક્તિ,easy,"મોર ભારતનું રાષ્ટ્રીય પક્ષી છે."
"ભારતનું રાષ્ટ્રીય પ્રાણી કયું છે?",સિંહ,વાઘ,હાથી,હરણ,B,દેશભક્તિ,easy,"બંગાળનો વાઘ રાષ્ટ્રીય પ્રાણી છે."
"ભારતનું રાષ્ટ્રીય ફૂલ કયું છે?",ગુલાબ,કમળ,ચંપો,મોગરો,B,દેશભક્તિ,easy,"કમળ ભારતનું રાષ્ટ્રીય ફૂલ છે."
"ભારતનું રાષ્ટ્રીય ફળ કયું છે?",કેળું,કેરી,સફરજન,જામફળ,B,દેશભક્તિ,medium,"કેરી ભારતનું રાષ્ટ્રીય ફળ છે."
"ભારતનું રાષ્ટ્રીય વૃક્ષ કયું છે?",લીમડો,વડ,પીપળો,આંબો,B,દેશભક્તિ,medium,"વડ ભારતનું રાષ્ટ્રીય વૃક્ષ છે."
"ભારતની રાષ્ટ્રીય નદી કઈ છે?",યમુના,ગંગા,નર્મદા,ગોદાવરી,B,દેશભક્તિ,medium,"ગંગાને ૨૦૦૮માં રાષ્ટ્રીય નદી જાહેર કરાઈ."
"ભારતનું સર્વોચ્ચ વીરતા પુરસ્કાર કયું છે?","મહાવીર ચક્ર","પરમવીર ચક્ર","વીર ચક્ર","અશોક ચક્ર",B,દેશભક્તિ,medium,"પરમવીર ચક્ર સૈન્યનું સર્વોચ્ચ સન્માન છે."
"ભારતનું સર્વોચ્ચ નાગરિક સન્માન કયું છે?","પદ્મ વિભૂષણ","ભારત રત્ન","પદ્મ ભૂષણ","પદ્મ શ્રી",B,દેશભક્તિ,medium,"ભારત રત્ન સર્વોચ્ચ નાગરિક સન્માન છે."
"""સત્યમેવ જયતે"" કયા ગ્રંથમાંથી લેવાયું છે?","ભગવદ્ ગીતા","મુંડક ઉપનિષદ",ઋગ્વેદ,રામાયણ,B,દેશભક્તિ,hard,"મુંડક ઉપનિષદમાંથી લેવાયેલું સૂત્ર છે."
"ભારતનું રાજચિહ્ન કયા સ્થળના સ્તંભ પરથી લેવાયું છે?",સાંચી,સારનાથ,બોધગયા,નાલંદા,B,દેશભક્તિ,hard,"સારનાથના અશોક સ્તંભ પરથી લેવાયું છે."
"ગાંધીજીને સૌપ્રથમ ""રાષ્ટ્રપિતા"" કોણે કહ્યા હતા?",નહેરુ,"સુભાષચંદ્ર બોઝ","સરદાર પટેલ","રાજેન્દ્ર પ્રસાદ",B,દેશભક્તિ,hard,"નેતાજી સુભાષચંદ્ર બોઝે તેમને રાષ્ટ્રપિતા કહ્યા."
"ભારતીય સેના દિવસ કઈ તારીખે ઉજવાય છે?","15 જાન્યુઆરી","26 જુલાઈ","8 ઓક્ટોબર","4 ડિસેમ્બર",A,દેશભક્તિ,medium,"૧૫ જાન્યુઆરીએ સેના દિવસ ઉજવાય છે."
"ભારતની રાજધાની કઈ છે?",મુંબઈ,"નવી દિલ્હી",કોલકાતા,ચેન્નઈ,B,ભારતદર્શન,easy,"નવી દિલ્હી ભારતની રાજધાની છે."
"ગુજરાતની રાજધાની કઈ છે?",અમદાવાદ,ગાંધીનગર,સુરત,વડોદરા,B,ભારતદર્શન,easy,"૧૯૭૦થી ગાંધીનગર ગુજરાતની રાજધાની છે."
"તાજમહેલ કયા શહેરમાં આવેલો છે?",દિલ્હી,આગ્રા,જયપુર,લખનૌ,B,ભારતદર્શન,easy,"યમુના કિનારે આગ્રામાં તાજમહેલ છે."
"તાજમહેલ કોણે બંધાવ્યો હતો?",અકબર,શાહજહાં,ઔરંગઝેબ,હુમાયુ,B,ભારતદર્શન,medium,"શાહજહાંએ મુમતાઝ મહલની યાદમાં બંધાવ્યો."
"ગીર અભયારણ્ય કયા પ્રાણી માટે પ્રખ્યાત છે?",વાઘ,સિંહ,ગેંડો,હાથી,B,ભારતદર્શન,easy,"એશિયાટિક સિંહનું એકમાત્ર કુદરતી નિવાસ ગીર છે."
"સફેદ રણ તરીકે ઓળખાતું કચ્છનું રણ કયા રાજ્યમાં છે?",રાજસ્થાન,ગુજરાત,હરિયાણા,પંજાબ,B,ભારતદર્શન,easy,"કચ્છનું નાનું અને મોટું રણ ગુજરાતમાં છે."
"ક્ષેત્રફળની દૃષ્ટિએ ભારતનું સૌથી મોટું રાજ્ય કયું છે?","મધ્ય પ્રદેશ",રાજસ્થાન,મહારાષ્ટ્ર,"ઉત્તર પ્રદેશ",B,ભારતદર્શન,medium,"રાજસ્થાન ક્ષેત્રફળમાં સૌથી મોટું રાજ્ય છે."
"વસ્તીની દૃષ્ટિએ ભારતનું સૌથી મોટું રાજ્ય કયું છે?",મહારાષ્ટ્ર,બિહાર,"ઉત્તર પ્રદેશ","પશ્ચિમ બંગાળ",C,ભારતદર્શન,medium,"ઉત્તર પ્રદેશની વસ્તી સૌથી વધુ છે."
"ક્ષેત્રફળની દૃષ્ટિએ ભારતનું સૌથી નાનું રાજ્ય કયું છે?",સિક્કિમ,ગોવા,ત્રિપુરા,નાગાલેન્ડ,B,ભારતદર્શન,medium,"ગોવા ક્ષેત્રફળમાં સૌથી નાનું રાજ્ય છે."
"ભારતની સૌથી લાંબી નદી કઈ છે?",યમુના,ગંગા,ગોદાવરી,નર્મદા,B,ભારતદર્શન,medium,"ગંગા આશરે ૨૫૨૫ કિમી લાંબી છે."
"ભારતનું સૌથી ઊંચું પર્વત શિખર કયું છે?","નંદા દેવી",કંચનજંગા,"માઉન્ટ એવરેસ્ટ",ધૌલાગિરિ,B,ભારતદર્શન,hard,"ભારતમાં આવેલું સૌથી ઊંચું શિખર કંચનજંગા છે."
"સૌથી લાંબો દરિયાકિનારો કયા રાજ્યનો છે?",તમિલનાડુ,ગુજરાત,"આંધ્ર પ્રદેશ",મહારાષ્ટ્ર,B,ભારતદર્શન,medium,"ગુજરાતનો દરિયાકિનારો આશરે ૧૬૦૦ કિમી લાંબો છે."
"હવા મહેલ કયા શહેરમાં આવેલો છે?",ઉદયપુર,જયપુર,જોધપુર,બિકાનેર,B,ભારતદર્શન,easy,"ગુલાબી નગરી જયપુરમાં હવા મહેલ છે."
"ચારમિનાર કયા શહેરમાં આવેલો છે?",બેંગલુરુ,હૈદરાબાદ,ચેન્નઈ,પુણે,B,ભારતદર્શન,easy,"હૈદરાબાદનું પ્રતીક ચારમિનાર છે."
"ગેટવે ઓફ ઇન્ડિયા કયા શહેરમાં આવેલો છે?",મુંબઈ,ગોવા,કોચી,ચેન્નઈ,A,ભારતદર્શન,easy,"મુંબઈના દરિયાકિનારે આવેલો છે."
"કોણાર્કનું સૂર્ય મંદિર કયા રાજ્યમાં છે?",ઓડિશા,બિહાર,ઝારખંડ,છત્તીસગઢ,A,ભારતદર્શન,medium,"ઓડિશાના પુરી જિલ્લામાં આવેલું છે."
"સુવર્ણ મંદિર કયા શહેરમાં આવેલું છે?",લુધિયાણા,અમૃતસર,ચંડીગઢ,જલંધર,B,ભારતદર્શન,medium,"હરમંદિર સાહિબ અમૃતસરમાં છે."
"મીનાક્ષી મંદિર કયા શહેરમાં આવેલું છે?",મદુરાઈ,તંજાવુર,કાંચીપુરમ,ત્રિચી,A,ભારતદર્શન,medium,"તમિલનાડુના મદુરાઈમાં આવેલું છે."
"અજંતા અને ઇલોરાની ગુફાઓ કયા રાજ્યમાં છે?","મધ્ય પ્રદેશ",મહારાષ્ટ્ર,કર્ણાટક,ગુજરાત,B,ભારતદર્શન,medium,"ઔરંગાબાદ પાસે મહારાષ્ટ્રમાં આવેલી છે."
"હમ્પીના અવશેષો કયા રાજ્યમાં આવેલા છે?",કર્ણાટક,"આંધ્ર પ્રદેશ",તેલંગાણા,તમિલનાડુ,A,ભારતદર્શન,hard,"વિજયનગર સામ્રાજ્યની રાજધાની હમ્પી કર્ણાટકમાં છે."
"રાણી કી વાવ કયા શહેરમાં આવેલી છે?",પાટણ,સિદ્ધપુર,મોઢેરા,ધોળકા,A,ભારતદર્શન,medium,"પાટણની રાણી કી વાવ યુનેસ્કો વારસાસ્થળ છે."
"ધોળાવીરા કયા જિલ્લામાં આવેલું છે?",કચ્છ,પાટણ,સુરેન્દ્રનગર,મોરબી,A,ભારતદર્શન,hard,"હડપ્પન નગર ધોળાવીરા કચ્છમાં છે."
"મોઢેરાનું સૂર્ય મંદિર કયા જિલ્લામાં છે?",મહેસાણા,પાટણ,બનાસકાંઠા,ગાંધીનગર,A,ભારતદર્શન,medium,"મહેસાણા જિલ્લામાં પુષ્પાવતી નદી કિનારે છે."
"નર્મદા નદી પર બંધાયેલો મોટો બંધ કયો છે?",ઉકાઈ,"સરદાર સરોવર",કડાણા,ધરોઈ,B,ભારતદર્શન,medium,"સરદાર સરોવર બંધ નર્મદા પર છે."
"ગુજરાતનું સૌથી મોટું શહેર કયું છે?",સુરત,અમદાવાદ,વડોદરા,રાજકોટ,B,ભારતદર્શન,easy,"વસ્તીની દૃષ્ટિએ અમદાવાદ સૌથી મોટું છે."
"સાબરમતી આશ્રમ કયા શહેરમાં આવેલો છે?",અમદાવાદ,ગાંધીનગર,નડિયાદ,ખેડા,A,ભારતદર્શન,easy,"સાબરમતી નદી કિનારે અમદાવાદમાં છે."
"સુંદરવન કયા પ્રાણી માટે જાણીતું છે?",સિંહ,વાઘ,ગેંડો,હાથી,B,ભારતદર્શન,medium,"રોયલ બંગાળ ટાઇગરનું નિવાસસ્થાન છે."
"એક શિંગડાવાળા ગેંડા માટે કયું રાષ્ટ્રીય ઉદ્યાન જાણીતું છે?","જિમ કોર્બેટ",કાઝીરંગા,બાંધવગઢ,રણથંભોર,B,ભારતદર્શન,hard,"આસામનું કાઝીરંગા ગેંડા માટે પ્રખ્યાત છે."
"બ્રહ્મપુત્ર નદી મુખ્યત્વે કયા રાજ્યમાં વહે છે?",બિહાર,આસામ,ઓડિશા,"પશ્ચિમ બંગાળ",B,ભારતદર્શન,medium,"આસામની ખીણમાંથી બ્રહ્મપુત્ર વહે છે."
"કેરળની રાજધાની કઈ છે?",કોચી,તિરુવનંતપુરમ,કોઝિકોડ,ત્રિશૂર,B,ભારતદર્શન,medium,"તિરુવનંતપુરમ કેરળની રાજધાની છે."
"ગોવાની રાજધાની કઈ છે?",મડગાંવ,પણજી,વાસ્કો,મપુસા,B,ભારતદર્શન,medium,"પણજી ગોવાની રાજધાની છે."
"ભારતમાં કુલ કેટલા રાજ્યો છે?",26,27,28,29,C,ભારતદર્શન,hard,"હાલ ભારતમાં ૨૮ રાજ્યો અને ૮ કેન્દ્રશાસિત પ્રદેશો છે."
"લક્ષદ્વીપ કયા સમુદ્રમાં આવેલું છે?","બંગાળની ખાડી","અરબી સમુદ્ર","હિંદ મહાસાગર","લાલ સમુદ્ર",B,ભારતદર્શન,medium,"લક્ષદ્વીપ અરબી સમુદ્રમાં આવેલું છે."
"આંદામાન અને નિકોબાર ટાપુઓ કયા સમુદ્રમાં આવેલા છે?","અરબી સમુદ્ર","બંગાળની ખાડી","પેસિફિક મહાસાગર","લાલ સમુદ્ર",B,ભારતદર્શન,medium,"બંગાળની ખાડીમાં આવેલા છે."
"ભારતમાં સૌપ્રથમ સૂર્યોદય કયા રાજ્યમાં થાય છે?",આસામ,"અરુણાચલ પ્રદેશ",મણિપુર,નાગાલેન્ડ,B,ભારતદર્શન,hard,"સૌથી પૂર્વમાં આવેલા અરુણાચલ પ્રદેશમાં."
"ચંદ્રયાન-૩ ચંદ્રના કયા ભાગ પર ઉતર્યું હતું?","ઉત્તર ધ્રુવ","દક્ષિણ ધ્રુવ",વિષુવવૃત્ત,"પાછળનો ભાગ",B,"કરંટ અફેર્સ",easy,"ચંદ્રના દક્ષિણ ધ્રુવ પાસે ઉતરનાર ભારત પ્રથમ દેશ બન્યો."
"ચંદ્રયાન-૩ના લેન્ડરનું નામ શું હતું?",પ્રજ્ઞાન,વિક્રમ,આર્યભટ્ટ,ભાસ્કર,B,"કરંટ અફેર્સ",medium,"લેન્ડરનું નામ વિક્રમ અને રોવરનું નામ પ્રજ્ઞાન હતું."
"ચંદ્રયાન-૩ના રોવરનું નામ શું હતું?",વિક્રમ,પ્રજ્ઞાન,કલ્પના,તેજસ,B,"કરંટ અફેર્સ",medium,"છ પૈડાંવાળું રોવર પ્રજ્ઞાન હતું."
"ચંદ્રયાન-૩ કયા વર્ષે ચંદ્ર પર ઉતર્યું?",2021,2022,2023,2024,C,"કરંટ અફેર્સ",easy,"૨૩ ઓગસ્ટ ૨૦૨૩ના રોજ સફળ ઉતરાણ થયું."
"ચંદ્ર પર સફળ ઉતરાણ કરનાર ભારત વિશ્વનો કેટલામો દેશ બન્યો?",બીજો,ત્રીજો,ચોથો,પાંચમો,C,"કરંટ અફેર્સ",medium,"રશિયા, અમેરિકા અને ચીન પછી ભારત ચોથો દેશ બન્યો."
"ISROનું સૂર્યનો અભ્યાસ કરતું મિશન કયું છે?",મંગળયાન,આદિત્ય-L1,ગગનયાન,નિસાર,B,"કરંટ અફેર્સ",medium,"આદિત્ય-L1 સૂર્યના અભ્યાસ માટેનું પ્રથમ ભારતીય મિશન છે."
"ISROનું માનવ અંતરિક્ષ ઉડાન મિશન કયું છે?",ગગનયાન,ચંદ્રયાન,આદિત્ય,મંગળયાન,A,"કરંટ અફેર્સ",medium,"ગગનયાન ભારતીયોને અંતરિક્ષમાં મોકલવાનું મિશન છે."
"ISROનું મુખ્યાલય કયા શહેરમાં આવેલું છે?",હૈદરાબાદ,બેંગલુરુ,ચેન્નઈ,પુણે,B,"કરંટ અફેર્સ",easy,"ISROનું મુખ્યાલય બેંગલુરુમાં છે."
"૨૦૨૩નું G20 શિખર સંમેલન કયા શહેરમાં યોજાયું હતું?",મુંબઈ,"નવી દિલ્હી",બેંગલુરુ,જયપુર,B,"કરંટ અફેર્સ",medium,"ભારત મંડપમ, નવી દિલ્હીમાં યોજાયું."
"૨૦૨૪નો T20 વર્લ્ડ કપ કયા દેશે જીત્યો?",ઓસ્ટ્રેલિયા,ભારત,ઇંગ્લેન્ડ,"દક્ષિણ આફ્રિકા",B,"કરંટ અફેર્સ",easy,"ભારતે દક્ષિણ આફ્રિકાને હરાવીને જીત્યો."
"૨૦૨૩નો એકદિવસીય વર્લ્ડ કપ કયા દેશે જીત્યો?",ભારત,ઓસ્ટ્રેલિયા,ન્યુઝીલેન્ડ,ઇંગ્લેન્ડ,B,"કરંટ અફેર્સ",medium,"અમદાવાદમાં રમાયેલી ફાઇનલમાં ઓસ્ટ્રેલિયા જીત્યું."
"૨૦૨૪ની ઓલિમ્પિક રમતો કયા શહેરમાં યોજાઈ હતી?",ટોક્યો,પેરિસ,"લોસ એન્જલસ",લંડન,B,"કરંટ અફેર્સ",easy,"પેરિસમાં ૨૦૨૪ની ઓલિમ્પિક યોજાઈ."
"નીરજ ચોપરા કઈ રમત સાથે સંકળાયેલા છે?",કુસ્તી,"ભાલા ફેંક",શૂટિંગ,બેડમિન્ટન,B,"કરંટ અફેર્સ",easy,"નીરજ ચોપરા ભાલા ફેંક એટલે જેવલિન થ્રોમાં ઓલિમ્પિક ચંદ્રક વિજેતા છે."
"મનુ ભાકર કઈ રમતમાં ઓલિમ્પિક ચંદ્રક જીત્યાં?",તીરંદાજી,શૂટિંગ,કુસ્તી,બોક્સિંગ,B,"કરંટ અફેર્સ",medium,"પેરિસ ૨૦૨૪માં શૂટિંગમાં બે કાંસ્ય ચંદ્રક જીત્યાં."
"ઓલિમ્પિકમાં ભારતનું પ્રથમ વ્યક્તિગત સુવર્ણ ચંદ્રક કોણે જીત્યું?","અભિનવ બિન્દ્રા","નીરજ ચોપરા","સુશીલ કુમાર","પી. વી. સિંધુ",A,"કરંટ અફેર્સ",hard,"૨૦૦૮ બેઇજિંગમાં શૂટિંગમાં અભિનવ બિન્દ્રાએ જીત્યું."
"ભારતના વર્તમાન રાષ્ટ્રપતિ કોણ છે?","રામનાથ કોવિંદ","દ્રૌપદી મુર્મુ","પ્રતિભા પાટીલ","પ્રણવ મુખર્જી",B,"કરંટ અફેર્સ",easy,"દ્રૌપદી મુર્મુ ૨૦૨૨થી રાષ્ટ્રપતિ છે."
"અયોધ્યામાં રામ મંદિરની પ્રાણ પ્રતિષ્ઠા કયા વર્ષે થઈ?",2022,2023,2024,2025,C,"કરંટ અફેર્સ",medium,"૨૨ જાન્યુઆરી ૨૦૨૪ના રોજ પ્રાણ પ્રતિષ્ઠા થઈ."
"ભારતનું નવું સંસદ ભવન કયા વર્ષે ખુલ્લું મુકાયું?",2021,2022,2023,2024,C,"કરંટ અફેર્સ",medium,"મે ૨૦૨૩માં નવું સંસદ ભવન રાષ્ટ્રને સમર્પિત થયું."
"વિશ્વનું સૌથી મોટું ક્રિકેટ સ્ટેડિયમ કયું છે?","ઈડન ગાર્ડન્સ","નરેન્દ્ર મોદી સ્ટેડિયમ",વાનખેડે,ચિન્નાસ્વામી,B,"કરંટ અફેર્સ",medium,"અમદાવાદનું નરેન્દ્ર મોદી સ્ટેડિયમ સૌથી મોટું છે."
"ભારતનું પ્રથમ સ્વદેશી વિમાનવાહક જહાજ કયું છે?","INS વિરાટ","INS વિક્રાંત","INS અરિહંત","INS દિલ્હી",B,"કરંટ અફેર્સ",medium,"INS વિક્રાંત ભારતમાં જ બનેલું પ્રથમ વિમાનવાહક જહાજ છે."
"વંદે ભારત શું છે?",ટ્રેન,વિમાન,ઉપગ્રહ,જહાજ,A,"કરંટ અફેર્સ",easy,"વંદે ભારત એ અર્ધ-હાઈસ્પીડ ટ્રેન છે."
"UPI મુખ્યત્વે શેના માટે વપરાય છે?","ડિજિટલ ચુકવણી","ટિકિટ બુકિંગ","વીજળી બચત","મોબાઇલ રિચાર્જ ગણતરી",A,"કરંટ અફેર્સ",easy,"યુનિફાઇડ પેમેન્ટ્સ ઇન્ટરફેસ ડિજિટલ ચુકવણી માટે છે."
"સ્વચ્છ ભારત અભિયાન કયા વર્ષે શરૂ થયું?",2012,2014,2016,2018,B,"કરંટ અફેર્સ",medium,"૨ ઓક્ટોબર ૨૦૧૪ના રોજ શરૂ થયું."
"ડિજિટલ ઇન્ડિયા અભિયાન કયા વર્ષે શરૂ થયું?",2013,2014,2015,2016,C,"કરંટ અફેર્સ",medium,"જુલાઈ ૨૦૧૫માં શરૂ થયું."
"આયુષ્માન ભારત યોજના શેની સાથે સંકળાયેલી છે?",શિક્ષણ,આરોગ્ય,ખેતી,આવાસ,B,"કરંટ અફેર્સ",medium,"ગરીબ પરિવારો માટેની આરોગ્ય વીમા યોજના છે."
"વસ્તીની દૃષ્ટિએ ભારત વિશ્વમાં કયા ક્રમે છે?",પ્રથમ,બીજો,ત્રીજો,ચોથો,A,"કરંટ અફેર્સ",medium,"૨૦૨૩થી ભારત વસ્તીમાં વિશ્વમાં પ્રથમ છે."
"ભારતમાં 5G સેવા કયા વર્ષે શરૂ થઈ?",2020,2021,2022,2023,C,"કરંટ અફેર્સ",medium,"ઓક્ટોબર ૨૦૨૨માં 5G સેવા શરૂ થઈ."
"ચંદ્રયાન-૩ કયા રોકેટથી પ્રક્ષેપિત થયું હતું?",PSLV,"GSLV Mk-II",LVM3,SSLV,C,"કરંટ અફેર્સ",hard,"LVM3 એટલે કે GSLV Mk-IIIથી પ્રક્ષેપણ થયું."
"આદિત્ય-L1 સૂર્યના અભ્યાસ માટે કયા બિંદુ પર સ્થાપિત થયું?",L1,L2,L3,L5,A,"કરંટ અફેર્સ",hard,"પૃથ્વી-સૂર્ય વચ્ચેના લેગ્રેન્જ બિંદુ L1 પર."
"ભારતનું પ્રથમ સંપૂર્ણ સાક્ષર રાજ્ય કયું ગણાય છે?",ગોવા,કેરળ,મિઝોરમ,તમિલનાડુ,B,"કરંટ અફેર્સ",medium,"કેરળ ભારતનું પ્રથમ સંપૂર્ણ સાક્ષર રાજ્ય ગણાય છે."
"ભારતીય રૂપિયાનું પ્રતીક ₹ કયા વર્ષે અપનાવાયું?",2005,2008,2010,2012,C,"કરંટ અફેર્સ",medium,"૨૦૧૦માં ₹ પ્રતીક સ્વીકારાયું."
"ભારતની અવકાશ સંસ્થાનું નામ શું છે?",NASA,ISRO,DRDO,CSIR,B,"કરંટ અફેર્સ",medium,"ઇન્ડિયન સ્પેસ રિસર્ચ ઓર્ગેનાઇઝેશન."
"ભારતના મંગળ મિશનનું નામ શું હતું?",મંગળયાન,આદિત્ય,ગગનયાન,નિસાર,A,"કરંટ અફેર્સ",hard,"મંગળયાન એટલે માર્સ ઓર્બિટર મિશન, ૨૦૧૩માં પ્રક્ષેપિત."
"પેરિસ ઓલિમ્પિક ૨૦૨૪માં ભારતે કુલ કેટલા ચંદ્રક જીત્યા?",4,5,6,7,C,"કરંટ અફેર્સ",hard,"એક રજત અને પાંચ કાંસ્ય મળીને કુલ છ ચંદ્રક."
"ગુજરાતમાં કયું શહેર ""ડાયમંડ સિટી"" તરીકે ઓળખાય છે?",રાજકોટ,સુરત,ભાવનગર,જામનગર,B,"કરંટ અફેર્સ",medium,"હીરા ઉદ્યોગને કારણે સુરત ડાયમંડ સિટી કહેવાય છે."
"પાણીનું રાસાયણિક સૂત્ર શું છે?",CO2,H2O,O2,NaCl,B,"જનરલ નોલેજ",easy,"બે હાઇડ્રોજન અને એક ઓક્સિજન પરમાણુ."
"સૂર્યમંડળનો સૌથી મોટો ગ્રહ કયો છે?",શનિ,ગુરુ,મંગળ,પૃથ્વી,B,"જનરલ નોલેજ",easy,"ગુરુ એટલે જ્યુપિટર સૌથી મોટો ગ્રહ છે."
"સૂર્યની સૌથી નજીકનો ગ્રહ કયો છે?",શુક્ર,બુધ,પૃથ્વી,મંગળ,B,"જનરલ નોલેજ",easy,"બુધ એટલે મર્ક્યુરી સૂર્યની સૌથી નજીક છે."
"મેઘધનુષમાં કેટલા રંગ હોય છે?",5,6,7,8,C,"જનરલ નોલેજ",easy,"સાત રંગ - જાંબલી, નીલો, વાદળી, લીલો, પીળો, નારંગી, લાલ."
"એક ડઝનમાં કેટલી વસ્તુઓ હોય છે?",10,12,14,16,B,"જનરલ નોલેજ",easy,"એક ડઝન એટલે બાર."
"પુખ્ત માનવ શરીરમાં કેટલા હાડકાં હોય છે?",186,196,206,216,C,"જનરલ નોલેજ",medium,"પુખ્ત વયે ૨૦૬ હાડકાં હોય છે."
"માનવ હૃદયમાં કેટલા ખંડ હોય છે?",2,3,4,6,C,"જનરલ નોલેજ",medium,"બે કર્ણક અને બે ક્ષેપક મળીને ચાર ખંડ."
"લોહીમાં ઓક્સિજન વહન કરતું તત્વ કયું છે?",પ્લાઝમા,હિમોગ્લોબિન,પ્લેટલેટ,કેલ્શિયમ,B,"જનરલ નોલેજ",medium,"લાલ રક્તકણોમાં રહેલું હિમોગ્લોબિન ઓક્સિજન વહન કરે છે."
"માનવ શરીરનું સૌથી મોટું અંગ કયું છે?",યકૃત,ત્વચા,હૃદય,ફેફસાં,B,"જનરલ નોલેજ",medium,"ત્વચા શરીરનું સૌથી મોટું અંગ છે."
"વિટામિન Cની ઉણપથી કયો રોગ થાય છે?",રિકેટ્સ,સ્કર્વી,બેરીબેરી,રાતાંધળાપણું,B,"જનરલ નોલેજ",hard,"સ્કર્વીમાં પેઢાંમાંથી લોહી નીકળે છે."
"છોડ પ્રકાશસંશ્લેષણમાં કયો વાયુ ગ્રહણ કરે છે?",ઓક્સિજન,નાઇટ્રોજન,"કાર્બન ડાયોક્સાઇડ",હાઇડ્રોજન,C,"જનરલ નોલેજ",easy,"છોડ કાર્બન ડાયોક્સાઇડ લઈ ઓક્સિજન છોડે છે."
"વાતાવરણમાં સૌથી વધુ પ્રમાણમાં કયો વાયુ છે?",ઓક્સિજન,નાઇટ્રોજન,"કાર્બન ડાયોક્સાઇડ",આર્ગોન,B,"જનરલ નોલેજ",medium,"હવામાં આશરે ૭૮% નાઇટ્રોજન છે."
"ઓરડાના તાપમાને પ્રવાહી હોય તેવી ધાતુ કઈ છે?",લોખંડ,પારો,તાંબુ,એલ્યુમિનિયમ,B,"જનરલ નોલેજ",medium,"પારો સામાન્ય તાપમાને પ્રવાહી રહે છે."
"સોનાનું રાસાયણિક પ્રતીક શું છે?",Ag,Au,Gd,Go,B,"જનરલ નોલેજ",hard,"લેટિન શબ્દ Aurum પરથી Au."
"ગુરુત્વાકર્ષણનો નિયમ કોણે આપ્યો?",આઇન્સ્ટાઇન,ન્યૂટન,ગેલિલિયો,એડિસન,B,"જનરલ નોલેજ",medium,"સર આઇઝેક ન્યૂટને ગુરુત્વાકર્ષણનો નિયમ આપ્યો."
"સાપેક્ષતાનો સિદ્ધાંત કોણે આપ્યો?",ન્યૂટન,આઇન્સ્ટાઇન,બોહર,મેક્સવેલ,B,"જનરલ નોલેજ",hard,"આલ્બર્ટ આઇન્સ્ટાઇને સાપેક્ષતાનો સિદ્ધાંત આપ્યો."
"ટેલિફોનની શોધ કોણે કરી?","થોમસ એડિસન","ગ્રેહામ બેલ",માર્કોની,ટેસ્લા,B,"જનરલ નોલેજ",medium,"એલેક્ઝાન્ડર ગ્રેહામ બેલે ટેલિફોનની શોધ કરી."
"વીજળીના બલ્બની શોધ કોણે કરી?","ગ્રેહામ બેલ","થોમસ એડિસન",ન્યૂટન,ફેરાડે,B,"જનરલ નોલેજ",medium,"થોમસ આલ્વા એડિસનને બલ્બની શોધનો શ્રેય મળે છે."
"વર્લ્ડ વાઇડ વેબની શોધ કોણે કરી?","બિલ ગેટ્સ","ટીમ બર્નર્સ-લી","સ્ટીવ જોબ્સ","ચાર્લ્સ બેબેજ",B,"જનરલ નોલેજ",hard,"૧૯૮૯માં ટીમ બર્નર્સ-લીએ WWW બનાવ્યું."
"કમ્પ્યુટરનું મગજ કોને કહેવામાં આવે છે?",RAM,CPU,"હાર્ડ ડિસ્ક",મોનિટર,B,"જનરલ નોલેજ",medium,"સેન્ટ્રલ પ્રોસેસિંગ યુનિટ કમ્પ્યુટરનું મગજ છે."
"RAM નું પૂરું નામ શું છે?","Random Access Memory","Read Access Memory","Rapid Access Memory","Real Access Memory",A,"જનરલ નોલેજ",medium,"રેન્ડમ એક્સેસ મેમરી."
"એક કિલોમીટરમાં કેટલા મીટર થાય?",100,500,1000,10000,C,"જનરલ નોલેજ",easy,"એક કિલોમીટર એટલે ૧૦૦૦ મીટર."
"ત્રિકોણના ત્રણેય ખૂણાનો સરવાળો કેટલો થાય?","90 અંશ","180 અંશ","270 અંશ","360 અંશ",B,"જનરલ નોલેજ",medium,"કોઈપણ ત્રિકોણના ખૂણાનો સરવાળો ૧૮૦ અંશ થાય."
"વર્તુળનું ક્ષેત્રફળ કયા સૂત્રથી મળે?",2πr,πr²,πd,4πr²,B,"જનરલ નોલેજ",hard,"ત્રિજ્યાના વર્ગ ગુણ્યા પાઈ."
"વિશ્વનું સૌથી ઊંચું પર્વત શિખર કયું છે?",K2,"માઉન્ટ એવરેસ્ટ",કંચનજંગા,મકાલુ,B,"જનરલ નોલેજ",easy,"માઉન્ટ એવરેસ્ટ ૮૮૪૮ મીટર ઊંચું છે."
"વિશ્વનો સૌથી મોટો મહાસાગર કયો છે?","હિંદ મહાસાગર","પેસિફિક મહાસાગર","એટલાન્ટિક મહાસાગર","આર્કટિક મહાસાગર",B,"જનરલ નોલેજ",easy,"પેસિફિક એટલે પ્રશાંત મહાસાગર સૌથી મોટો છે."
"વિશ્વનું સૌથી મોટું ગરમ રણ કયું છે?",થાર,સહારા,ગોબી,કાલાહારી,B,"જનરલ નોલેજ",medium,"આફ્રિકાનું સહારા સૌથી મોટું ગરમ રણ છે."
"વિશ્વની સૌથી લાંબી નદી કઈ ગણાય છે?",એમેઝોન,નાઇલ,યાંગ્ત્ઝે,મિસિસિપી,B,"જનરલ નોલેજ",medium,"નાઇલ નદી આશરે ૬૬૫૦ કિમી લાંબી છે."
"સૌથી ઝડપી દોડતું પ્રાણી કયું છે?",ઘોડો,ચિત્તો,સિંહ,હરણ,B,"જનરલ નોલેજ",easy,"ચિત્તો કલાકના ૧૦૦ કિમીથી વધુ ઝડપે દોડે છે."
"વિશ્વનું સૌથી મોટું પ્રાણી કયું છે?",હાથી,"વાદળી વ્હેલ",જિરાફ,ગેંડો,B,"જનરલ નોલેજ",medium,"વાદળી વ્હેલ પૃથ્વીનું સૌથી મોટું પ્રાણી છે."
"મધમાખી શું બનાવે છે?",રેશમ,મધ,મીણબત્તી,ગુંદર,B,"જનરલ નોલેજ",easy,"મધમાખી ફૂલોના રસમાંથી મધ બનાવે છે."
"પ્રકાશની ઝડપ આશરે કેટલી છે?","3 લાખ કિમી/સેકન્ડ","3 હજાર કિમી/સેકન્ડ","30 લાખ કિમી/સેકન્ડ","300 કિમી/સેકન્ડ",A,"જનરલ નોલેજ",medium,"શૂન્યાવકાશમાં આશરે ૩ લાખ કિલોમીટર પ્રતિ સેકન્ડ."
"પૃથ્વીનો એકમાત્ર કુદરતી ઉપગ્રહ કયો છે?",મંગળ,ચંદ્ર,શુક્ર,ટાઇટન,B,"જનરલ નોલેજ",medium,"ચંદ્ર પૃથ્વીનો એકમાત્ર કુદરતી ઉપગ્રહ છે."
"LED નું પૂરું નામ શું છે?","Light Emitting Diode","Low Energy Device","Light Energy Display","Linear Electric Diode",A,"જનરલ નોલેજ",hard,"લાઇટ એમિટિંગ ડાયોડ."
"એક અઠવાડિયામાં કેટલા દિવસ હોય છે?",5,6,7,8,C,"જનરલ નોલેજ",medium,"સાત દિવસનું એક અઠવાડિયું."
"ગણેશજીનું કયું નામ તેમના તૂટેલા દાંત સાથે જોડાયેલું છે?",લંબોદર,એકદંત,ગજાનન,વિનાયક,B,ધાર્મિકતા,medium,"એક દાંત હોવાથી તેઓ એકદંત કહેવાય છે."
"ભગવાન કૃષ્ણે ભગવદ્ ગીતાનો ઉપદેશ કોને આપ્યો હતો?",ભીમ,અર્જુન,યુધિષ્ઠિર,નકુલ,B,ધાર્મિકતા,easy,"કુરુક્ષેત્રના યુદ્ધ પહેલાં અર્જુનને ગીતાનો ઉપદેશ મળ્યો."
"રામ સાથે વનવાસમાં કયા ભાઈ ગયા હતા?",ભરત,લક્ષ્મણ,શત્રુઘ્ન,સુગ્રીવ,B,ધાર્મિકતા,easy,"લક્ષ્મણ ચૌદ વર્ષ રામ અને સીતા સાથે વનમાં રહ્યા."
"શ્રાવણ માસ કયા ભગવાનની ભક્તિ માટે વિશેષ ગણાય છે?",વિષ્ણુ,શિવ,બ્રહ્મા,સૂર્ય,B,ધાર્મિકતા,medium,"શ્રાવણ મહિનો ભગવાન શિવને પ્રિય મનાય છે."
"તુલસીનો છોડ કયા ભગવાનને પ્રિય મનાય છે?",શિવ,વિષ્ણુ,ગણેશ,સૂર્ય,B,ધાર્મિકતા,medium,"તુલસી ભગવાન વિષ્ણુને અત્યંત પ્રિય મનાય છે."
"આઝાદ હિંદ ફોજનું નેતૃત્વ કોણે કર્યું હતું?",ભગતસિંહ,"સુભાષચંદ્ર બોઝ","ચંદ્રશેખર આઝાદ","લાલા લજપતરાય",B,દેશભક્તિ,medium,"નેતાજી સુભાષચંદ્ર બોઝે આઝાદ હિંદ ફોજનું નેતૃત્વ કર્યું."
"મહાત્મા ગાંધીની હત્યા કયા વર્ષે થઈ હતી?",1946,1947,1948,1950,C,દેશભક્તિ,medium,"૩૦ જાન્યુઆરી ૧૯૪૮ના રોજ દિલ્હીમાં."
"ભારતના પ્રથમ ગૃહમંત્રી કોણ હતા?","જવાહરલાલ નહેરુ","સરદાર પટેલ","મૌલાના આઝાદ","રાજેન્દ્ર પ્રસાદ",B,દેશભક્તિ,easy,"સરદાર વલ્લભભાઈ પટેલ પ્રથમ ગૃહમંત્રી અને નાયબ વડાપ્રધાન હતા."
"ભારતનું બંધારણ ઘડવામાં કેટલો સમય લાગ્યો?","1 વર્ષ 6 મહિના","2 વર્ષ 11 મહિના 18 દિવસ","3 વર્ષ 2 મહિના","4 વર્ષ",B,દેશભક્તિ,hard,"બંધારણ સભાએ ૨ વર્ષ ૧૧ મહિના ૧૮ દિવસમાં બંધારણ તૈયાર કર્યું."
"રાષ્ટ્રગાન ""જન ગણ મન"" ગાવામાં કેટલો સમય લાગે છે?","30 સેકન્ડ","52 સેકન્ડ","90 સેકન્ડ","2 મિનિટ",B,દેશભક્તિ,medium,"નિર્ધારિત સમય ૫૨ સેકન્ડનો છે."
"વારાણસી કઈ નદીના કિનારે વસેલું છે?",યમુના,ગંગા,નર્મદા,ગોદાવરી,B,ભારતદર્શન,easy,"કાશી એટલે વારાણસી ગંગા કિનારે છે."
"ગુજરાતનું રાજ્ય પ્રાણી કયું છે?",વાઘ,"એશિયાઈ સિંહ",ચિત્તલ,ઊંટ,B,ભારતદર્શન,medium,"ગીરનો એશિયાઈ સિંહ ગુજરાતનું રાજ્ય પ્રાણી છે."
"ગુજરાતનું રાજ્ય પક્ષી કયું છે?",મોર,સુરખાબ,બગલો,કોયલ,B,ભારતદર્શન,hard,"સુરખાબ એટલે ફ્લેમિંગો ગુજરાતનું રાજ્ય પક્ષી છે."
"ગિરનાર પર્વત કયા શહેર પાસે આવેલો છે?",ભાવનગર,જૂનાગઢ,રાજકોટ,અમરેલી,B,ભારતદર્શન,medium,"ગિરનાર જૂનાગઢ પાસે આવેલો છે."
"નર્મદા નદીનું ઉદ્ગમ સ્થાન કયા રાજ્યમાં છે?",ગુજરાત,"મધ્ય પ્રદેશ",મહારાષ્ટ્ર,રાજસ્થાન,B,ભારતદર્શન,hard,"મધ્ય પ્રદેશના અમરકંટકમાંથી નર્મદા નીકળે છે."
"ચંદ્રયાન-૩નું પ્રક્ષેપણ કયા કેન્દ્રથી થયું હતું?",થુમ્બા,શ્રીહરિકોટા,અમદાવાદ,બેંગલુરુ,B,"કરંટ અફેર્સ",medium,"આંધ્ર પ્રદેશના શ્રીહરિકોટા ખાતેના સતીશ ધવન કેન્દ્રથી."
"ભારતના પ્રથમ મહિલા રાષ્ટ્રપતિ કોણ હતાં?","ઇન્દિરા ગાંધી","પ્રતિભા પાટીલ","દ્રૌપદી મુર્મુ","સરોજિની નાયડુ",B,"કરંટ અફેર્સ",medium,"પ્રતિભા પાટીલ ૨૦૦૭થી ૨૦૧૨ સુધી રાષ્ટ્રપતિ રહ્યાં."
"ભારતના પ્રથમ ઉપગ્રહનું નામ શું હતું?",ભાસ્કર,આર્યભટ્ટ,રોહિણી,INSAT,B,"કરંટ અફેર્સ",hard,"૧૯૭૫માં પ્રક્ષેપિત આર્યભટ્ટ ભારતનો પ્રથમ ઉપગ્રહ હતો."
"ચંદ્રયાન-૨ કયા વર્ષે પ્રક્ષેપિત થયું હતું?",2017,2018,2019,2020,C,"કરંટ અફેર્સ",medium,"જુલાઈ ૨૦૧૯માં ચંદ્રયાન-૨ પ્રક્ષેપિત થયું."
"૨૦૨૪ના T20 વર્લ્ડ કપની ફાઇનલ કયા દેશમાં રમાઈ હતી?",ભારત,બાર્બાડોસ,ઇંગ્લેન્ડ,"દક્ષિણ આફ્રિકા",B,"કરંટ અફેર્સ",hard,"વેસ્ટ ઇન્ડિઝના બાર્બાડોસમાં ફાઇનલ રમાઈ."
"કયો ગ્રહ ""લાલ ગ્રહ"" તરીકે ઓળખાય છે?",શુક્ર,મંગળ,ગુરુ,શનિ,B,"જનરલ નોલેજ",easy,"લોખંડના ઓક્સાઇડને કારણે મંગળ લાલ દેખાય છે."
"માનવ શરીરનું સૌથી મોટું આંતરિક અંગ કયું છે?",હૃદય,યકૃત,ફેફસાં,મૂત્રપિંડ,B,"જનરલ નોલેજ",medium,"યકૃત એટલે લિવર સૌથી મોટું આંતરિક અંગ છે."
"કમ્પ્યુટરના પિતા કોને કહેવામાં આવે છે?","ચાર્લ્સ બેબેજ","એલન ટ્યુરિંગ","બિલ ગેટ્સ","જ્હોન વોન ન્યુમેન",A,"જનરલ નોલેજ",hard,"ચાર્લ્સ બેબેજને કમ્પ્યુટરના પિતા કહેવાય છે."
"વિશ્વનો સૌથી નાનો ખંડ કયો છે?",યુરોપ,ઓસ્ટ્રેલિયા,એન્ટાર્કટિકા,"દક્ષિણ અમેરિકા",B,"જનરલ નોલેજ",easy,"ઓસ્ટ્રેલિયા સૌથી નાનો ખંડ છે."
"એક વર્ષમાં કેટલા મહિના 31 દિવસના હોય છે?",5,6,7,8,C,"જનરલ નોલેજ",medium,"જાન્યુઆરી, માર્ચ, મે, જુલાઈ, ઓગસ્ટ, ઓક્ટોબર અને ડિસેમ્બર."
